City,Average Salary,lat,lng,STATE
"Newark, CA",150000,37.5204,-122.0312,CA
"Concord, CA",130167,37.9722,-122.0016,CA
"Marin City, CA",126000,37.8711,-122.5137,CA
"Pico Rivera, CA",122500,33.9902,-118.0888,CA
"Belcamp, MD",122000,39.3051,-76.6144,MD
"Fort George G Meade, MD",122000,39.3051,-76.6144,MD
"Seven Hills, OH",120000,41.3805,-81.6737,OH
"Strongsville, OH",120000,41.3128,-81.8313,OH
"Carnegie, PA",119500,40.408,-80.0861,PA
"Eighty Four, PA",119500,40.1777,-80.1303,PA
"Heidelberg, PA",119500,40.3914,-80.0923,PA
"Leetsdale, PA",119500,40.5656,-80.2142,PA
"Macdill AFB, FL",119000,25.7839,-80.2102,FL
"Md City, MD",119000,39.3051,-76.6144,MD
Michigan,119000,42.3834,-83.1024,MI
"Offutt AFB, NE",119000,41.1207,-95.9209,NE
South Carolina,119000,40.6943,-73.9249,NY
Texas,119000,39.7621,-104.8759,CO
"Los Gatos, CA",118700,37.2303,-121.956,CA
"College Park, MD",118000,38.996,-76.9337,MD
"Westminster, CO",117000,39.8837,-105.0624,CO
"Berkeley, CA",115500,37.8723,-122.276,CA
"Des Moines, WA",115000,47.3915,-122.3157,WA
"Glenview, IL",113000,42.0825,-87.8216,IL
"Northfield, IL",113000,42.1026,-87.7791,IL
"Daly City, CA",112500,37.6862,-122.4685,CA
"Oregon City, OR",112000,45.3415,-122.5927,OR
"Wilsonville, OR",112000,45.3107,-122.7705,OR
"San Jose, CA",111240,37.3019,-121.8486,CA
"East Weymouth, MA",109000,42.3188,-71.0846,MA
"Milton, MA",109000,42.3188,-71.0846,MA
"Tewksbury, MA",109000,42.3188,-71.0846,MA
"Wellesley, MA",109000,42.3188,-71.0846,MA
"City of Industry, CA",106000,34.1139,-118.4068,CA
"Cupertino, CA",105885,37.3168,-122.0465,CA
Connecticut,105750,40.7777,-111.9306,ut
"Santa Clara, CA",105182,37.3645,-121.968,CA
"Garner, NC",105000,35.6934,-78.6196,NC
"Far Rockaway, NY",104500,40.6943,-73.9249,NY
"Memphis, TN",104500,35.1046,-89.9773,TN
"Millington, TN",104500,35.335,-89.8991,TN
"Edison, NJ",104000,40.2236,-74.7641,NJ
"Mahwah, NJ",104000,40.2236,-74.7641,NJ
"Beaverton, OR",103818,45.4779,-122.8168,OR
"Great Neck, NY",103000,40.8028,-73.7332,NY
"Aberdeen Proving Ground, MD",102833,39.4673,-76.1308,MD
"Menlo Park, CA",102654,37.4686,-122.1672,CA
"Redwood City, CA",100735,37.5026,-122.2252,CA
"Sunnyvale, CA",100540,37.3836,-122.0256,CA
"Portland, OR",100214,45.5372,-122.65,OR
"Wharton, NJ",100000,40.8999,-74.5808,NJ
"Emeryville, CA",99000,37.8382,-122.2932,CA
"National City, CA",99000,32.6654,-117.0983,CA
"Novato, CA",99000,38.092,-122.5576,CA
"Whittier, CA",98750,33.9678,-118.0188,CA
"Spring, TX",98500,30.0613,-95.383,TX
"San Francisco, CA",98338,37.7562,-122.443,CA
"Stanford, CA",98000,37.4252,-122.1674,CA
"Sterling, VA",97375,39.0052,-77.405,VA
"Palo Alto, CA",96659,37.3913,-122.1468,CA
"Mountain View, CA",96650,37.4,-122.0796,CA
"Annapolis Junction, MD",96583,39.3051,-76.6144,MD
"Parsippany, NJ",96500,40.2236,-74.7641,NJ
California,96333,41.5725,-93.6105,ia
"Burlingame, CA",96125,37.586,-122.3669,CA
"New Berlin, WI",96000,42.9726,-88.1291,WI
"Sturtevant, WI",96000,42.6995,-87.9019,WI
"Waukesha, WI",96000,43.0087,-88.2464,WI
"Florham Park, NJ",95750,40.7773,-74.3953,NJ
"Fremont, CA",95389,37.5265,-121.9852,CA
"Scott Air Force Base, IL",94500,41.8373,-87.6862,IL
"Hoboken, NJ",94375,40.7453,-74.0279,NJ
"Vancouver, WA",94000,45.6366,-122.5967,WA
"Woodlawn, MD",93250,39.3054,-76.7489,MD
"Arcadia, CA",93000,34.1342,-118.0373,CA
"Bloomington, MN",93000,44.8306,-93.3151,MN
"Inver Grove Heights, MN",93000,44.8247,-93.0596,MN
"Maple Grove, MN",93000,45.1089,-93.4626,MN
"West Orange, NJ",93000,40.2236,-74.7641,NJ
"Danvers, MA",92750,42.3188,-71.0846,MA
"Oakland, CA",92588,37.7903,-122.2165,CA
Arizona,92500,34.1139,-118.4068,CA
"Berlin, VT",92500,44.4877,-73.2314,VT
"Bothell, WA",92500,47.7735,-122.2044,WA
"Hercules, CA",92500,38.0064,-122.2564,CA
"Millbrae, CA",92500,37.5994,-122.4023,CA
Pennsylvania,92500,41.5725,-93.6105,ia
"Tunica Resorts, MS",92500,34.8298,-90.3218,MS
Utah,92500,25.7839,-80.2102,FL
"Wright Patterson AFB, OH",92500,41.4767,-81.6804,OH
"Concord, MA",92000,42.3188,-71.0846,MA
"El Cajon, CA",92000,32.8017,-116.9605,CA
"New Brunswick, NJ",92000,40.487,-74.445,NJ
"Gardena, CA",91667,33.8944,-118.3073,CA
"Woodland Hills, CA",91417,34.1139,-118.4068,CA
"Morrisville, NC",91286,35.8367,-78.8348,NC
"Dedham, MA",90000,42.3188,-71.0846,MA
"Deerfield, IL",90000,42.1654,-87.8516,IL
"San Mateo, CA",90000,37.5521,-122.3122,CA
"San Bruno, CA",89750,37.6254,-122.4313,CA
"Secaucus, NJ",89750,40.781,-74.0659,NJ
"Summit, NJ",89750,40.7154,-74.3647,NJ
"Columbia, MD",89559,39.2004,-76.859,MD
"Campbell, CA",89500,37.2802,-121.9538,CA
"Henderson, CO",89500,39.7621,-104.8759,CO
"Hillsboro, OR",89500,45.5272,-122.9361,OR
"Bridgeton, MO",89300,38.7673,-90.4275,MO
"Whippany, NJ",89000,40.2236,-74.7641,NJ
"Foster City, CA",88773,37.5553,-122.2659,CA
"Silver Spring, MD",88750,39.0028,-77.0207,MD
"Boothwyn, PA",88500,39.8357,-75.4453,PA
"Newtown Square, PA",88500,40.0077,-75.1339,PA
"Norristown, PA",88500,40.1224,-75.3398,PA
"Merrifield, VA",88000,38.8731,-77.2426,VA
"Maywood, IL",87000,41.8798,-87.8442,IL
"Valley Stream, NY",87000,40.6647,-73.7044,NY
"Aurora, CO",86667,39.7087,-104.7273,CO
"Earth City, MO",86500,38.6358,-90.2451,MO
Georgia,86500,41.5725,-93.6105,ia
"Livermore, CA",86500,37.6862,-121.7608,CA
"Milpitas, CA",86500,37.4339,-121.8921,CA
"Redmond, WA",86140,47.6762,-122.1169,WA
"Claremont, CA",86000,34.1259,-117.7153,CA
"Charlestown, MA",85900,42.3188,-71.0846,MA
"Basking Ridge, NJ",85833,40.2236,-74.7641,NJ
"Rockville, MD",85833,39.0834,-77.1552,MD
"Elk Grove Village, IL",85500,42.0063,-87.9921,IL
"Bellevue, WA",85455,47.5951,-122.1535,WA
"Mc Lean, VA",85300,36.7335,-76.0435,VA
"Brockton, MA",85250,42.0821,-71.0242,MA
"San Diego, CA",85201,32.8312,-117.1225,CA
"Rolling Meadows, IL",85167,42.0747,-88.0252,IL
"Reston, VA",85068,38.9497,-77.3461,VA
"Kirkland, WA",85000,47.6974,-122.2054,WA
"Fairfax, VA",84857,38.8531,-77.2998,VA
Virginia,84667,41.5725,-93.6105,ia
"Millersville, MD",84500,39.3051,-76.6144,MD
"Owings Mills, MD",83950,39.4115,-76.7913,MD
"Pleasanton, CA",83786,37.6663,-121.8805,CA
"Woodbridge, NJ",83750,40.2236,-74.7641,NJ
"Fort Meade, MD",83033,39.1058,-76.7438,MD
"Dublin, CA",83000,37.7161,-121.8963,CA
"Fort Belvoir, VA",82571,38.7119,-77.1459,VA
"Englewood, CO",82389,39.6468,-104.9942,CO
"Orange, CA",82346,33.8038,-117.8218,CA
"Bethesda, MD",82222,38.9866,-77.1188,MD
"Chantilly, VA",82000,38.8868,-77.4453,VA
"Pittsburgh, PA",82000,40.4396,-79.9762,PA
"Blue Ash, OH",81500,39.248,-84.3827,OH
"Fort Wright, KY",81500,39.0462,-84.5362,KY
"Kennesaw, GA",81500,34.026,-84.6177,GA
"Loveland, OH",81500,39.2679,-84.2731,OH
"Mason, OH",81500,39.3571,-84.3023,OH
"Milford, OH",81500,39.1699,-84.2811,OH
"Vienna, VA",81500,38.8996,-77.2597,VA
"West Chester, OH",81500,41.4767,-81.6804,OH
"Brea, CA",81250,33.9254,-117.8656,CA
"Seattle, WA",81200,47.6211,-122.3244,WA
"Fort Sam Houston, TX",81000,32.7936,-96.7662,TX
"Burbank, CA",80971,34.1879,-118.3235,CA
"Piscataway, NJ",80700,40.2236,-74.7641,NJ
"Chesterfield, MO",80500,38.6588,-90.5804,MO
"Fort Eustis, VA",80500,36.7335,-76.0435,VA
"Kent, WA",80500,47.3887,-122.2129,WA
"Plainsboro, NJ",80500,40.2236,-74.7641,NJ
"Vineland, NJ",80500,39.4653,-74.9981,NJ
"Clayton, MO",80147,38.6444,-90.3302,MO
"Alexandria, VA",80083,38.8185,-77.0861,VA
"Pasadena, TX",80000,29.6583,-95.1499,TX
"Cincinnati, OH",79810,39.1413,-84.5061,OH
Illinois,79667,41.8373,-87.6862,IL
"Burr Ridge, IL",79500,41.7485,-87.9198,IL
"Itasca, IL",79500,41.9773,-88.0182,IL
"Manhasset, NY",79500,40.7884,-73.6943,NY
"Long Beach, CA",79406,33.7981,-118.1675,CA
"South San Francisco, CA",79188,37.6536,-122.4197,CA
"Hermosa Beach, CA",79000,33.8654,-118.3966,CA
"Hunt Valley, MD",79000,39.3051,-76.6144,MD
"Hyattsville, MD",79000,38.9612,-76.9548,MD
"Inglewood, CA",79000,33.9566,-118.3444,CA
"Springfield, VA",79000,38.7809,-77.1839,VA
"Littleton, CO",78500,39.5915,-105.0188,CO
"Costa Mesa, CA",78333,33.6667,-117.9135,CA
"Irvine, CA",78185,33.6772,-117.7738,CA
"Annapolis, MD",78125,38.9706,-76.5047,MD
"Long Island City, NY",78000,40.6943,-73.9249,NY
"Towson, MD",77875,39.3944,-76.619,MD
"Raleigh, NC",77859,35.8325,-78.6435,NC
"Medford, MA",77833,42.4234,-71.1087,MA
"Somerville, NJ",77750,40.5696,-74.6092,NJ
"Centennial, CO",77650,39.5926,-104.8674,CO
"Arlington Heights, IL",77500,42.0955,-87.9825,IL
"Saint Louis, MO",77469,38.6358,-90.2451,MO
"Washington, DC",77268,38.9047,-77.0163,DC
"Pearland, TX",77250,29.5585,-95.3215,TX
"Newark, NJ",77192,40.7245,-74.1725,NJ
"Herndon, VA",77042,38.9699,-77.3867,VA
"Sugar Land, TX",77000,29.5935,-95.6357,TX
"Stewartsville, NJ",76750,40.6939,-75.1115,NJ
"Andover, MA",76500,42.3188,-71.0846,MA
"Northridge, CA",76500,34.1139,-118.4068,CA
"Newport Beach, CA",76438,33.6151,-117.8669,CA
"West Point, PA",76300,40.0077,-75.1339,PA
"South Plainfield, NJ",76167,40.5748,-74.4153,NJ
"Arlington, VA",76144,38.8786,-77.1011,VA
"Teaneck, NJ",76000,40.2236,-74.7641,NJ
"Chicago, IL",75942,41.8373,-87.6862,IL
"Somerville, MA",75750,42.3908,-71.1013,MA
"Louisville, CO",75667,39.9709,-105.1441,CO
"Hanover, MD",75500,39.3051,-76.6144,MD
"Marlton, NJ",75500,39.9016,-74.9297,NJ
"Norman, OK",75500,35.2335,-97.3471,OK
"Oklahoma City, OK",75500,35.4676,-97.5136,OK
"Tysons, VA",75500,38.9215,-77.2273,VA
"Santa Monica, CA",75286,34.0232,-118.4813,CA
"Clearwater, FL",75000,27.9789,-82.7622,FL
"Lakewood, NJ",75000,40.2236,-74.7641,NJ
"Morristown, NJ",75000,40.7966,-74.4772,NJ
"Norco, CA",75000,33.9252,-117.5499,CA
"Princeton Junction, Mercer, NJ",75000,40.2236,-74.7641,NJ
"Corona, CA",74667,33.8616,-117.5649,CA
"Denver, CO",74562,39.7621,-104.8759,CO
"Cambridge, MA",74545,42.3759,-71.1185,MA
"Covington, KY",74500,39.0334,-84.5166,KY
"Erlanger, KY",74500,39.0109,-84.5864,KY
"Forest Park, GA",74500,33.6209,-84.359,GA
"Plymouth, MN",74333,45.0225,-93.4618,MN
"Union City, CA",74333,37.603,-122.0187,CA
"Hopkins, MN",74250,44.9261,-93.4056,MN
"Richfield, MN",74250,44.8762,-93.2833,MN
"Broomfield, CO",74231,39.9541,-105.0527,CO
"Saint Petersburg, FL",74167,25.7839,-80.2102,FL
"Ontario, CA",74000,34.0393,-117.6064,CA
"Plymouth Meeting, PA",74000,40.11,-75.2794,PA
"Lake Success, NY",73944,40.768,-73.7089,NY
Remote,73919,40.2236,-74.7641,NJ
"Research Triangle Park, NC",73875,35.208,-80.8304,NC
"Lowell, MA",73750,42.6389,-71.3217,MA
"Boston, MA",73674,42.3188,-71.0846,MA
"Newton, MA",73667,42.3316,-71.2085,MA
"Warren, NJ",73667,40.2236,-74.7641,NJ
"Chapel Hill, NC",73600,35.927,-79.0391,NC
"Elk Grove, CA",73500,38.416,-121.3842,CA
"Iselin, NJ",73500,40.5702,-74.317,NJ
"Malden, MA",73500,42.4305,-71.0576,MA
"Roseville, CA",73500,38.7703,-121.3196,CA
"Tampa, FL",73379,27.9942,-82.4451,FL
New Jersey,73365,40.2236,-74.7641,NJ
"Whitehouse Station, NJ",73250,40.2236,-74.7641,NJ
"Azusa, CA",73000,34.1386,-117.9124,CA
"Signal Hill, CA",73000,33.8029,-118.1681,CA
"Weymouth, MA",73000,42.1984,-70.9466,MA
"Waltham, MA",72563,42.3889,-71.2423,MA
"New York, NY",72559,40.6943,-73.9249,NY
"Canonsburg, PA",72500,40.2643,-80.1868,PA
"Durham, NC",72467,35.9794,-78.9031,NC
"Greenwood Village, Arapahoe, CO",72250,39.7621,-104.8759,CO
United States,72098,47.6211,-122.3244,WA
"East Palo Alto, CA",72000,37.4671,-122.1352,CA
"Harrison, NY",72000,41.0233,-73.7192,NY
"Montvale, NJ",72000,41.0529,-74.0499,NJ
"Queens Village, NY",72000,40.6943,-73.9249,NY
"Staten Island, NY",72000,40.5834,-74.1496,NY
"Woodcliff Lake, NJ",72000,41.0253,-74.0603,NJ
"Baltimore, MD",71969,39.3051,-76.6144,MD
"Scott AFB, IL",71929,38.5412,-89.8528,IL
New York State,71750,41.8373,-87.6862,IL
North Carolina,71750,32.7936,-96.7662,TX
"Cherry Hill, NJ",71500,40.2236,-74.7641,NJ
"Crystal City, VA",71500,36.7335,-76.0435,VA
"Moorestown, NJ",71500,40.2236,-74.7641,NJ
"Anaheim, CA",71250,33.839,-117.8572,CA
"Brentwood, TN",71250,35.9918,-86.7758,TN
"Leavenworth, KS",71000,39.3239,-94.924,KS
"Wilmington, MA",71000,42.3188,-71.0846,MA
"Wayne, PA",70786,40.0077,-75.1339,PA
"Glendale, AZ",70500,33.5791,-112.2311,AZ
"San Rafael, CA",70500,37.9905,-122.5222,CA
"Tempe, AZ",70452,33.3881,-111.9318,AZ
"Cary, NC",70333,35.782,-78.8191,NC
"McLean, VA",70324,38.9436,-77.1943,VA
"Scottsdale, AZ",70265,33.6872,-111.8651,AZ
"Chandler, AZ",70250,33.2826,-111.8516,AZ
"Eagan, MN",70250,44.8169,-93.1638,MN
"Huntersville, NC",70250,35.4058,-80.8727,NC
"Jersey City, NJ",70054,40.7161,-74.0682,NJ
"Los Angeles, CA",70054,34.1139,-118.4068,CA
"Trenton, NJ",70000,40.2236,-74.7641,NJ
"Phoenix, AZ",69819,33.5722,-112.0891,AZ
"Quincy, MA",69750,42.2516,-71.0183,MA
"Saint Paul, MN",69750,44.9635,-93.2678,MN
"Santa Ana, CA",69750,33.7366,-117.8819,CA
"Walnut Creek, CA",69625,37.9024,-122.0398,CA
"San Ramon, CA",69500,37.7625,-121.9365,CA
"Lexington, MA",69400,42.3188,-71.0846,MA
"Greenbelt, MD",69250,38.9953,-76.8885,MD
"Suitland, MD",69250,38.8492,-76.9225,MD
"Framingham, MA",69167,42.3085,-71.4368,MA
"Camden, NJ",69083,39.9362,-75.1073,NJ
"Fulton, MD",69000,39.1516,-76.9163,MD
"Home Acres, MD",69000,39.3051,-76.6144,MD
"Plant City, FL",69000,28.014,-82.1201,FL
"Downers Grove, IL",68864,41.7949,-88.017,IL
"El Segundo, CA",68833,33.9169,-118.4021,CA
"Northlake, IL",68750,41.9143,-87.9054,IL
"Lakewood, CO",68500,39.6977,-105.1168,CO
"Sayreville, NJ",68500,40.4656,-74.3237,NJ
"Springfield Gardens, NY",68500,40.6943,-73.9249,NY
"Overland Park, KS",68446,38.887,-94.687,KS
"Fort Mill, SC",68333,35.0062,-80.9388,SC
"Woodridge, IL",68250,41.7368,-88.0408,IL
"Roanoke, TX",68000,33.0148,-97.2268,TX
"Kansas City, MO",67906,39.1239,-94.5541,MO
"Brooklyn, NY",67875,40.6501,-73.9496,NY
"Weehawken, NJ",67875,40.2236,-74.7641,NJ
"Creve Coeur, MO",67833,38.6621,-90.443,MO
"Princeton, NJ",67722,40.3563,-74.6693,NJ
"Haworth, NJ",67667,40.9622,-73.9976,NJ
"Rancho Cordova, CA",67667,38.574,-121.2523,CA
"Eden Prairie, MN",67563,44.8488,-93.4595,MN
"Kansas City, KS",67563,39.1234,-94.7443,KS
Colorado,67500,41.5725,-93.6105,ia
"Edwards AFB, CA",67500,34.9045,-117.9295,CA
"Minnetonka, MN",67300,44.9322,-93.4598,MN
"Sacramento, CA",67200,38.5667,-121.4683,CA
"Norcross, GA",67167,33.9379,-84.2065,GA
"Beverly Hills, CA",67000,34.0786,-118.4021,CA
"New Orleans, LA",67000,30.0687,-89.9288,LA
"Irwindale, CA",66750,34.1121,-117.9636,CA
"Venice, CA",66750,34.1139,-118.4068,CA
"Andrews AFB, MD",66500,38.8053,-76.8744,MD
"Beltsville, MD",66500,39.0394,-76.9211,MD
"El Dorado Hills, CA",66500,38.675,-121.049,CA
"Folsom, CA",66500,38.6668,-121.1422,CA
"Glendale, CA",66500,34.1818,-118.2468,CA
"Gold River, CA",66500,38.6268,-121.2488,CA
"Marana, AZ",66500,32.4355,-111.1558,AZ
"Portsmouth, VA",66500,36.8468,-76.354,VA
"Rocklin, CA",66500,38.8075,-121.2488,CA
"Tucson, AZ",66500,32.1545,-110.8782,AZ
"Nashville, TN",66180,36.1715,-86.7843,TN
"Des Plaines, IL",66000,42.0345,-87.9009,IL
"King of Prussia, PA",66000,40.0963,-75.382,PA
"Lone Tree, CO",66000,39.5309,-104.871,CO
"Mesa, AZ",66000,33.4017,-111.718,AZ
"Charlotte, NC",65864,35.208,-80.8304,NC
"Mooresville, NC",65813,35.5849,-80.8265,NC
"Chesapeake, VA",65800,36.6778,-76.3024,VA
"Norfolk, VA",65625,36.8945,-76.259,VA
"Corpus Christi, TX",65500,27.726,-97.3755,TX
"Grain Valley, MO",65500,39.0168,-94.2085,MO
"Mission, KS",65500,39.027,-94.6568,KS
"Maryland Heights, MO",65357,38.7189,-90.4749,MO
"Northbrook, IL",65125,42.1292,-87.8353,IL
"DC Ranch, AZ",65000,33.5722,-112.0891,AZ
"Kendall Park, NJ",65000,40.4138,-74.5626,NJ
"Malvern, PA",65000,40.0329,-75.5146,PA
"Marietta, GA",64917,33.9533,-84.5422,GA
"Boulder, CO",64667,40.0249,-105.2523,CO
"Bellevue, NE",64500,41.1535,-95.9357,NE
"Edgewood, MD",64500,39.421,-76.2968,MD
"Glen Burnie, MD",64500,39.1559,-76.6072,MD
"Hamilton, NJ",64500,40.2236,-74.7641,NJ
"Indian Trail, NC",64500,35.0698,-80.6457,NC
"Linthicum, MD",64500,39.2088,-76.6625,MD
"Middle River, MD",64500,39.3345,-76.4318,MD
"Neptune, NJ",64500,40.2236,-74.7641,NJ
"Omaha, NE",64500,41.2627,-96.0522,NE
"Papillion, NE",64500,41.1516,-96.0679,NE
"Somerset, Anne Arundel, MD",64500,39.3051,-76.6144,MD
"South Bend, NE",64500,41.0021,-96.2474,NE
"Titusville, NJ",64500,40.2236,-74.7641,NJ
"Hanford, CA",64000,36.3274,-119.6549,CA
"Reedley, CA",64000,36.5987,-119.4473,CA
"Visalia, CA",64000,36.3276,-119.3269,CA
"Bridgewater, NJ",63875,40.2236,-74.7641,NJ
"Minneapolis, MN",63875,44.9635,-93.2678,MN
"Huntington Beach, CA",63750,33.696,-118.0025,CA
"Woburn, MA",63750,42.4869,-71.1543,MA
"Bronx, NY",63667,40.8501,-73.8662,NY
"Addison, TX",63500,32.959,-96.8355,TX
"Allen Park, MI",63500,42.2595,-83.2107,MI
"Marina del Rey, CA",63500,33.9765,-118.4486,CA
"Cerritos, CA",63375,33.8677,-118.0686,CA
"Coppell, TX",63250,32.9638,-96.9905,TX
"Ewing, NJ",63250,40.2236,-74.7641,NJ
"Lewisville, TX",63250,33.0452,-96.9823,TX
"Fort Worth, TX",63167,32.7811,-97.3473,TX
"Madison, WI",63048,43.0826,-89.3931,WI
"Broadview, IL",63000,41.8584,-87.8562,IL
"Carrollton, TX",63000,32.989,-96.8999,TX
"Farmers Branch, TX",63000,32.9272,-96.8804,TX
"North Bethesda, MD",63000,39.0393,-77.1191,MD
"Tarrant, TX",63000,32.7936,-96.7662,TX
"Germantown, MD",62500,39.1755,-77.2643,MD
"Southlake, TX",62250,32.9545,-97.1503,TX
"Atlanta, GA",62106,33.7627,-84.4224,GA
"Ridley Park, PA",62000,39.8785,-75.3251,PA
"Tulsa, OK",62000,36.1284,-95.9042,OK
"Burlington, MA",61900,42.3188,-71.0846,MA
"Anchorage, AK",61500,61.1508,-149.1091,AK
"Eatontown, NJ",61500,40.2913,-74.0558,NJ
"Middleton, WI",61500,43.1065,-89.5058,WI
"Natick, MA",61500,42.3188,-71.0846,MA
"Toms River, NJ",61500,40.2236,-74.7641,NJ
"Southfield, MI",61346,42.4765,-83.2605,MI
"Philadelphia, PA",61289,40.0077,-75.1339,PA
"Westlake, TX",61250,32.981,-97.2038,TX
"Bloomfield Hills, MI",61167,42.578,-83.2456,MI
"Berea, OH",61000,41.3696,-81.8642,OH
"Cleveland, OH",61000,41.4767,-81.6804,OH
"Falls Church, VA",61000,38.8847,-77.1751,VA
"Highland Heights, Cuyahoga, OH",61000,41.4767,-81.6804,OH
"Independence, OH",61000,41.378,-81.6385,OH
"Mayfield Heights, Cuyahoga, OH",61000,41.4767,-81.6804,OH
"Mayfield, OH",61000,41.5501,-81.4369,OH
"Warrensville, OH",61000,41.4767,-81.6804,OH
"Westlake, OH",61000,41.4524,-81.9295,OH
"Hampton, VA",60594,37.0551,-76.363,VA
"Alameda, CA",60500,37.767,-122.2672,CA
"Dania Beach, FL",60500,26.0594,-80.1637,FL
"Fort Lauderdale, FL",60500,26.1412,-80.1464,FL
"Franklin, TN",60500,35.9216,-86.8525,TN
"Fresno, CA",60500,36.7831,-119.7941,CA
"Mira Loma, CA",60500,34.1139,-118.4068,CA
"Rancho Cucamonga, CA",60500,34.1248,-117.5666,CA
"San Bernardino, CA",60500,34.1417,-117.2946,CA
"Sanger, CA",60500,36.699,-119.5575,CA
"Culver City, CA",60250,34.0058,-118.3968,CA
"Austin, TX",60075,30.3004,-97.7522,TX
"Farmington Hills, MI",60000,42.486,-83.3771,MI
"Renton, WA",60000,47.4784,-122.1919,WA
"Royal Oak, MI",60000,42.5084,-83.1539,MI
"Plano, TX",59757,33.0502,-96.7487,TX
"Grapevine, TX",59750,32.9343,-97.0744,TX
"Fort Lee, NJ",59500,40.8509,-73.9712,NJ
"Little Ferry, NJ",59500,40.8463,-74.0388,NJ
Massachusetts,59500,36.7335,-76.0435,VA
Oklahoma,59500,42.3188,-71.0846,ma
Ontario,59500,35.208,-80.8304,NC
"Houston, TX",59402,29.7863,-95.3889,TX
"Allen, TX",59400,33.1088,-96.6735,TX
"Detroit, MI",59278,42.3834,-83.1024,MI
"Phila, PA",59250,40.0077,-75.1339,PA
"Wilmington, DE",59200,39.7415,-75.5413,DE
"Bridgeview, IL",59000,41.7403,-87.8067,IL
"Evanston, IL",59000,42.0463,-87.6942,IL
"Oak Brook, IL",58667,41.8372,-87.9513,IL
"Irving, TX",58526,32.8584,-96.9702,TX
"Troy, MI",58400,42.5818,-83.1457,MI
"San Antonio, TX",58349,29.4658,-98.5253,TX
"Arlington, TX",58273,32.6998,-97.125,TX
"Richardson, TX",58038,32.9717,-96.7093,TX
"Bolingbrook, IL",58000,41.6903,-88.1019,IL
"Dover, NJ",58000,40.8859,-74.5597,NJ
"Mount Laurel, NJ",58000,40.2236,-74.7641,NJ
"Mount Vernon, NY",58000,40.9136,-73.8291,NY
"Lackland AFB, TX",57833,29.3867,-98.6179,TX
"Issaquah, WA",57750,47.544,-122.0471,WA
"Coral Gables, FL",57600,25.7037,-80.2715,FL
"Dearborn, MI",57500,42.3127,-83.2129,MI
"Dunwoody, GA",57500,33.9418,-84.3122,GA
"Feasterville Trevose, PA",57333,40.0077,-75.1339,PA
"Blue Bell, PA",57250,40.1474,-75.2687,PA
"Fort Washington, PA",57250,40.1407,-75.1925,PA
"Henderson, NV",57000,36.0133,-115.038,NV
"Ruxton, MD",57000,39.3051,-76.6144,MD
"Timonium, MD",57000,39.4463,-76.6083,MD
"Frisco, TX",56938,33.1555,-96.8215,TX
"Saint Petersburg Beach, FL",56667,25.7839,-80.2102,FL
"Alhambra, CA",56500,34.084,-118.1355,CA
"Aliso Viejo, CA",56500,33.5792,-117.7289,CA
"Dearborn Heights, MI",56500,42.3164,-83.2769,MI
"Farmington, MI",56500,42.4614,-83.3784,MI
"Garden Grove, CA",56500,33.7787,-117.9601,CA
"Inkster Post Office, MI",56500,42.3834,-83.1024,MI
"Pomona, CA",56500,34.0585,-117.7626,CA
"Rochester Hills, MI",56500,42.6645,-83.1563,MI
"Rochester, MI",56500,42.6866,-83.1198,MI
"Duluth, GA",56350,34.0053,-84.1492,GA
"Horsham, PA",56063,40.0077,-75.1339,PA
"Allegheny West, PA",56000,40.0077,-75.1339,PA
"Berwyn, PA",56000,40.0396,-75.4439,PA
"Newport News, VA",56000,37.1051,-76.5185,VA
"Round Rock, TX",56000,30.5254,-97.666,TX
"Smithfield, VA",56000,36.9754,-76.6162,VA
"Suffolk, VA",56000,36.6953,-76.6398,VA
"Virginia Beach, VA",56000,36.7335,-76.0435,VA
"Yorktown, VA",56000,37.2352,-76.5146,VA
"Las Vegas, NV",55773,36.2333,-115.2654,NV
"Franklin Lakes, NJ",55750,41.0086,-74.2083,NJ
"Albuquerque, NM",55500,35.1053,-106.6464,NM
"Edina, MN",55500,44.8914,-93.3602,MN
"Lyndhurst, NJ",55500,40.2236,-74.7641,NJ
"Milwaukee, WI",55500,43.0642,-87.9673,WI
"Smyrna, GA",55500,33.8633,-84.5168,GA
"Stillwater, MN",55500,45.0573,-92.8313,MN
"Colorado Springs, CO",55000,38.8674,-104.7606,CO
"Queen Creek, AZ",55000,33.2386,-111.6343,AZ
"Alpharetta, GA",54889,34.0704,-84.2739,GA
"Indianapolis, IN",54250,39.7771,-86.1458,IN
"Livonia, MI",54250,42.3972,-83.3733,MI
"Duarte, CA",54000,34.161,-117.9504,CA
"La Grange, KY",54000,38.3987,-85.375,KY
"Langley AFB, VA",54000,36.7335,-76.0435,VA
"Louisville, KY",54000,38.1663,-85.6485,KY
Maryland,54000,46.8652,-96.8292,nd
"Monterey Park, CA",54000,34.0497,-118.1326,CA
"Panorama City, CA",54000,34.1139,-118.4068,CA
"Schriever AFB, CO",54000,39.7621,-104.8759,CO
"Torrance, CA",54000,33.8346,-118.3417,CA
"West Windsor, NJ",54000,40.2236,-74.7641,NJ
"Yuma Proving Ground, AZ",54000,33.5722,-112.0891,AZ
"Amherst, NY",53500,40.6943,-73.9249,NY
"Buffalo, NY",53500,42.9016,-78.8487,NY
"Carson, CA",53500,33.8374,-118.2559,CA
"Getzville, NY",53500,40.6943,-73.9249,NY
"Orchard Park, NY",53500,40.6943,-73.9249,NY
"San Dimas, CA",53500,34.1082,-117.809,CA
"Williamsville, NY",53500,42.9623,-78.7418,NY
"Dallas, TX",53012,32.7936,-96.7662,TX
"Bensalem, PA",53000,40.0077,-75.1339,PA
"Exton, PA",53000,40.0307,-75.6303,PA
"Radnor, PA",53000,40.0077,-75.1339,PA
"West Conshohocken, PA",53000,40.0702,-75.3189,PA
"Jeffersonville, IN",52917,38.3376,-85.7026,IN
"Everett, MA",52500,42.4064,-71.0545,MA
"Oak Creek, WI",52500,42.8803,-87.9009,WI
"Peabody, MA",52500,42.5335,-70.9724,MA
"Pewaukee, WI",52500,43.0701,-88.2411,WI
"San Fernando, CA",52500,34.2886,-118.4363,CA
"Wauwatosa, WI",52500,43.0615,-88.0347,WI
"Wellesley Hills, MA",52500,42.3188,-71.0846,MA
"Essex Fells, NJ",52000,40.8271,-74.2798,NJ
"Fairfield, NJ",52000,40.2236,-74.7641,NJ
"Wayne, MI",52000,42.2774,-83.3877,MI
"Bakersfield, CA",51500,35.3529,-119.0359,CA
"Burlingame, KS",51500,38.7518,-95.8349,KS
"Topeka, KS",51500,39.0346,-95.6955,KS
"Beverly, MA",51000,42.5681,-70.8627,MA
"Tukwila, WA",51000,47.4749,-122.2727,WA
"Greensboro, NC",50500,36.0956,-79.8269,NC
"High Point, NC",50500,35.9907,-79.9938,NC
"Wentworth, NC",50500,36.3914,-79.751,NC
"Jacksonville, FL",50485,30.3322,-81.6749,FL
"Plainfield, IN",50000,39.6953,-86.3717,IN
"Pasadena, CA",49786,34.1597,-118.139,CA
"Belmont, MA",49500,42.3188,-71.0846,MA
"El Paso, TX",49500,31.8479,-106.4309,TX
"Ladue, MO",49500,38.6378,-90.3815,MO
"Norwell, MA",49500,42.3188,-71.0846,MA
"Saint Charles, MO",49500,38.6358,-90.2451,MO
"Ewa Beach, HI",49000,21.3181,-158.0073,HI
"Fort Shafter, HI",49000,21.3294,-157.846,HI
"Honolulu, HI",49000,21.3294,-157.846,HI
"Oakdale, PA",49000,40.4001,-80.1872,PA
"Pearl Harbor, HI",49000,21.3294,-157.846,HI
"Schofield Barracks, HI",49000,21.4936,-158.0617,HI
"Seven Fields, PA",49000,40.6867,-80.0639,PA
"WahiawÃ¤, HI",49000,21.3294,-157.846,HI
"West Chester, PA",48833,39.9601,-75.6058,PA
"Westerville, OH",48667,40.1241,-82.9209,OH
"Goodlettsville, TN",48500,36.3327,-86.7029,TN
"Mount Juliet, TN",48500,36.1991,-86.5114,TN
"Gwinnett Mall Corners Post Office, GA",48250,33.7627,-84.4224,GA
"Altamonte Springs, FL",48000,28.6615,-81.3953,FL
"Byron, CA",48000,37.8756,-121.642,CA
"French Camp, CA",48000,37.8802,-121.2803,CA
"Lake Mary, FL",48000,28.7592,-81.3359,FL
"Maitland, FL",48000,28.6295,-81.3717,FL
"Orlando, FL",48000,28.4772,-81.3369,FL
"Stockton, CA",48000,37.9765,-121.3109,CA
"Miami, FL",47706,25.7839,-80.2102,FL
"Beech Grove, IN",47500,39.7157,-86.0871,IN
"Carmel, IN",47500,39.965,-86.146,IN
"Lawrence, IN",47500,39.8674,-85.9905,IN
"Shoreview, MN",47500,45.0842,-93.1358,MN
"Whitestown, IN",47500,39.9705,-86.3612,IN
"Paoli, PA",46750,40.042,-75.4912,PA
"Doral, FL",46000,25.8151,-80.3565,FL
"Lincoln, NE",46000,40.809,-96.6788,NE
"Miami Lakes, FL",46000,25.9125,-80.3214,FL
"Miramar, FL",46000,25.9773,-80.3351,FL
"Reno, NV",46000,39.5497,-119.8483,NV
"Columbus, OH",45474,39.9862,-82.985,OH
"Doylestown, PA",44667,40.0077,-75.1339,PA
"Athens, GA",44000,33.9508,-83.3689,GA
"Sandy Springs, Fulton, GA",44000,33.7627,-84.4224,GA
"Winston-Salem, NC",43577,36.1029,-80.2611,NC
"Toledo, OH",43500,41.6639,-83.5822,OH
"Alachua, FL",42000,29.7778,-82.4831,FL
"Fort Wayne, IN",42000,41.0886,-85.1437,IN
"Gainesville, FL",42000,29.6804,-82.3458,FL
"Chester Township, PA",40500,40.0077,-75.1339,PA
"Conshohocken, PA",40500,40.0772,-75.3035,PA
"Newtown, PA",40500,40.229,-74.9324,PA
"Dublin, OH",40000,40.1112,-83.1454,OH
"Hilliard, OH",40000,40.0353,-83.1578,OH
"Berkeley Heights, NJ",39500,40.2236,-74.7641,NJ
"Peachtree Corners, GA",39000,33.967,-84.2319,GA
"Cedar Park, TX",38500,30.5106,-97.8196,TX
"West Lake Hills, TX",38500,30.292,-97.8083,TX
"Lehi, UT",38200,40.4136,-111.8726,UT
"Salt Lake City, UT",37659,40.7777,-111.9306,UT
"American Fork, UT",36500,40.3792,-111.7952,UT
"Draper, UT",36500,40.4957,-111.8605,UT
"Riverton, UT",36500,40.5177,-111.9635,UT
"Sandy, UT",36500,40.571,-111.8505,UT
"West Jordan, UT",36500,40.6024,-112.0008,UT
"Stafford, TX",33500,29.6271,-95.5653,TX
